-175.7843869834287,16.507773050751,-141.68660778076173,53.43241790771484,-121.54889,46.08,-122.21331829101563,42.5887060546875,-108.917685160126,83.37447487405369
-89.2760425661366,30.763000860377083,-84.63319706661866,40.32690106815592,-81.55528,41.06361,-79.07203666949272,41.533884999735356,-71.8918041135509,48.14723931296276
-135.7929067806169,2.1657523914412025,-108.4322198071456,43.663566600914,-94.32555500000001,37.09861,-82.55851665483475,27.46083330154419,-66.01480195961747,71.94385721244063
-88.84291401752826,34.61105212321881,-79.86806,42.36056,-79.50708499999999,42.383615,-79.14611,42.40667,-73.77982005229596,49.67414608845111
-76.8626089863248,39.36389820056485,-73.38389,42.135,-73.258195,42.121804999999995,-73.1325,42.10861,-71.71775142627286,44.50875576061679
-77.38039760538943,37.30342884114377,-73.01040103881836,41.601222572021484,-73.32861,41.88861,-74.71455982177734,40.574863013916016,-71.41230411580197,43.27152233073123
-98.00198579576549,28.952501051158336,-79.38972,40.92056,-87.68083,41.24778,-89.99611,41.19778,-73.99072813245716,52.963758714466664
-96.83463939247217,23.716120876692866,-88.57842058614165,34.22129233785868,-84.94444,35.05167,-80.01213306894303,36.69563008338928,-73.82562366905127,46.72513660011377
-86.41122444795198,32.70215216947966,-83.40389,40.64889,-79.15722,41.50722,-79.05278,41.51667,-72.43222037626677,46.68115624116487
-86.67643763349724,23.02850602342414,-78.72,27.26222,-76.86611,34.00861,-76.84972,34.06528,-67.97292302324104,41.73202063368035
-75.35601457325947,39.048211729841114,-73.52685056413532,40.484347734250136,-72.74042,40.96097,-72.19405505066156,41.28271663684368,-70.61989179881084,43.784334504289745
-110.66729516492829,20.404550843372494,-86.2729444116211,38.80567184387207,-90.51972,38.85722,-97.69586082397461,37.67430892883301,-76.23087530626312,54.840970702037666
-117.06270081879379,27.89231054900406,-111.99269,33.43207,-108.432385,36.565275,-104.87208,39.69848,-97.0131735098195,47.94183785797836
-105.10026094118322,39.521828444803106,-104.8083369128418,39.947912348022456,-104.78169,40.05423,-104.75417202636719,39.94758809875488,-104.46137693723475,40.16071244875158
-120.49005029636655,27.60166456264224,-111.66028,37.31028,-113.19,37.84778,-116.33222,38.03222,-101.9163828091022,46.17533204990659
-122.89388513431177,37.43256521358862,-122.29455877563477,37.7368963659668,-122.37744,37.61293,-122.56706167480469,37.71830353149414,-122.07447576656713,38.25197458133326
-82.67608958861094,27.542528804333408,-82.48250793457032,27.83257793334961,-82.5425,27.97333,-82.40258621215821,28.016776312866213,-82.0090987048461,28.209519688098233
-119.36921613303572,28.36069185646624,-111.81278,37.57611,-112.46903,37.751945,-113.12528,37.92778,-102.09971697243303,45.63019101706892
-122.89388513431177,37.43256521358862,-122.29451877563477,37.736881365966795,-122.37736,37.6129,-122.56702167480469,37.71828853149414,-122.07447576656713,38.25197458133326
-107.24542789800665,20.122963138980644,-77.92278,40.88583,-88.23806,41.14889,-92.09194,40.345,-68.65040797845819,58.71798305852912
-76.89583409029449,37.391338227210404,-72.85207397583008,40.349272346191405,-74.12806,39.53111,-74.93832809570313,39.80666789978027,-70.42885005277192,43.858322264732955
-107.41532410843489,18.696728809045585,-99.81286666601538,35.974633333454726,-93.27389,36.95306,-83.13519216861725,37.94887015470028,-71.41461668746355,54.69743623001692
-123.71515505289018,33.749551368008255,-119.07444,39.25833,-118.62472,39.45556,-117.8275,39.795,-111.51519162679732,45.94951479410112
-125.65122892149438,28.807927114882578,-121.72757588867188,33.12479004394531,-119.35658,34.00724,-119.00380193237305,33.96680817138672,-117.09836672059546,37.36078931578149
-122.89388513431177,37.43256521358862,-122.29458377563476,37.7368963659668,-122.37749,37.61293,-122.56708667480468,37.71830353149414,-122.07447576656713,38.25197458133326
-128.81003200017338,24.765355954538524,-116.90307,47.21048999999999,-108.056945,46.549445000000006,-100.196665,45.311530000000005,-86.91118992365473,66.66419803105718
-120.24837774653705,26.90668206791608,-115.28583,35.85194,-114.76528,36.19917,-111.5275,37.13667,-100.16543298344342,46.9896268310097
-104.90612652864576,39.47734400663256,-104.69768,40.05395,-104.697095,40.051985,-104.69651,40.05002,-103.66845080289721,40.71501973238111
-105.13300478473506,39.489084601251264,-104.7777219128418,39.954882348022466,-104.72046,40.06817,-104.72355702636719,39.95455809875489,-104.4286330936829,40.19345629230342
-86.05176415861568,24.00272020875492,-80.98361,27.89389,-80.09944,31.42333,-80.08389,31.44944,-72.1035779434351,37.95090642393551
-77.14040196398508,37.53525530835378,-75.23461385253907,38.81551242431641,-75.00533,39.57443,-75.37696309570313,39.82832789978028,-74.07209193249929,40.60356533983958
-80.46784408326813,34.93025963072113,-72.64306,41.21056,-72.99014,41.021115,-73.33722,40.83167,-70.37375442747405,45.024349286515196
-124.27411660212934,21.82505217533648,-98.25924106567382,42.334183540039064,-103.18861,41.57361,-110.47952838867187,39.788435783081056,-86.82620230656207,59.272966470903754
-122.89388513431177,37.43256521358862,-122.29449877563476,37.73692136596679,-122.37732,37.61298,-122.56700167480469,37.71832853149414,-122.07447576656713,38.25197458133326
-98.88661544118104,23.668665244243776,-90.26694,36.355,-90.23361,36.36111,-78.23944,38.31583,-72.12965805735412,50.42562262807068
-76.08682223695172,39.36916569334613,-75.601,40.07484,-75.59731,40.07472,-75.59362,40.0746,-75.23118618589984,40.22480174439801
-124.24828759089466,25.25171240910534,-100.43194341134905,43.18712668468595,-105.78444,44.26111,-110.5617603213787,44.9634233727169,-87.75171240910534,61.74828759089466
-81.00282001473991,34.52072429678352,-77.59356170202673,37.71222497205198,-76.810975,38.266670000000005,-75.64177833837033,39.29628666098594,-73.74636364004525,41.7771806714782
-76.07819005910397,39.19584825571536,-75.4406,39.49354,-75.30639,39.608785,-75.17218,39.72403,-74.99057367380618,40.283464641013154
-118.64684081419193,35.606682058732865,-115.31750293823242,38.44028076293945,-116.30167,38.48056,-117.03605838867188,38.24191078308105,-113.45694183961666,40.79658103330815
-122.89388513431177,37.43256521358862,-122.29456377563477,37.7369113659668,-122.37745,37.61296,-122.56706667480469,37.71831853149414,-122.07447576656713,38.25197458133326
-123.71515505289018,33.749551368008255,-119.00877,39.38351,-118.65301,39.53147,-117.87583,39.84639,-111.51519162679732,45.94951479410112
-86.20104131341729,33.28081407903876,-79.20028,41.93889,-79.1675,41.93472,-73.78182,40.45107,-71.28807916998115,48.19377622247491
-76.10830360889592,39.05951827525935,-74.91696391357422,39.721551975097654,-74.86678,39.90543,-75.30768809570313,39.99382789978027,-74.60744040965876,40.56038147449651
-109.19497152953167,22.640035184335513,-85.82167,36.63472,-85.85083,36.64194,-101.10139,38.84278,-77.06298592896442,54.772020784902764
-84.57253559094372,34.97540943163929,-80.49667,37.63639,-80.47806,37.71194,-79.09472,41.77056,-75.44630138415394,44.10164363842907
-76.58292239940255,38.820298730968545,-73.92854,40.78769,-73.91798,40.44342,-73.85038,40.40221,-73.27472072803886,42.128500402332236
-80.32615719422373,37.26672686949697,-78.19236000000001,38.419865,-77.383195,38.588335,-76.18775,39.024125,-74.44712008849112,43.14576397522959
-76.03916962582534,39.234868688994005,-75.44936,39.49541,-75.32788,39.57986,-75.2064,39.66431,-75.02959410708482,40.24444420773451
-76.96178402165987,37.99259029169462,-75.93305106661022,38.78953551466078,-75.78889,38.94361,-75.59509331907272,39.14935334838867,-74.54110751886748,40.41326679448702
-73.48572636513923,41.208121291110764,-72.83404918701171,41.61851928588867,-72.65139,41.53444,-72.75882335693359,41.66828582641601,-72.3972387227514,42.29660893349861
-77.32923637714167,38.20653213176946,-72.74833,41.89028,-72.561665,41.65125,-72.375,41.41222,-71.3687540403388,44.16701446857234
-86.32469788825928,34.951184832687986,-76.80522377075195,41.76825332702637,-78.91528,42.40028,-81.41166908325195,42.606296539917,-72.27852781974853,48.99735490119873
-77.42566239383845,38.123779897421315,-76.15189344238281,39.56084324401856,-76.63298,39.20363,-76.70048124145508,38.97283436340332,-75.01312697383733,40.536315317422435
-77.42566239383845,38.123779897421315,-76.14978844238281,39.56353324401856,-76.62877,39.20901,-76.69837624145508,38.97552436340332,-75.01312697383733,40.536315317422435
-77.32097584651368,38.01837008549316,-73.88050837768554,41.10517971862793,-73.87928,40.77503,-74.98989482177734,40.018073013916016,-72.6612705524121,42.67807537959473
-104.97254715482184,23.94458045443109,-95.14833,38.147085000000004,-90.70292,38.920694999999995,-88.65555499999999,39.22708,-75.84468306978754,53.072444539465394
-79.86875020669795,37.6391233284583,-77.19333,40.72278,-77.15861,40.72806,-75.49944,40.99917,-73.83445108724736,43.67342244790889
-93.57781623427081,23.77475143845868,-88.10861,31.37139,-86.62111,31.05778,-82.60056,30.51611,-79.03401543076825,38.31855224196124
-92.48852769464233,29.56271513372682,-86.24722,41.765,-84.64611,41.90056,-83.52972,42.03778,-67.55255659490845,54.49868623346068
-122.89388513431177,37.43256521358862,-122.29461877563477,37.7368913659668,-122.37756,37.61292,-122.5671216748047,37.71829853149414,-122.07447576656713,38.25197458133326
-85.54862903510902,31.45909381950524,-79.80694,39.42861,-75.70667,40.89111,-73.9138,40.80578,-71.02163005912927,45.98609279548499
-74.83441527762406,39.56571976265915,-72.99611,41.15639,-72.97056,41.17139,-72.36338,41.39515,-70.80450073800094,43.59563430228226
-107.61832776238543,30.69394335577862,-101.32666698186904,35.593518940466645,-104.27361,38.28111,-104.36018667172193,38.41981667479038,-96.44725451300519,41.86501660515888
-84.94543824543196,26.938499590261394,-80.96139,30.03944,-80.41194,31.85833,-80.40444,31.88278,-76.04674162517351,35.837196210519856
-127.96696828573833,9.485448134244578,-95.52652499999999,30.31514,-109.35986,32.671805,-114.24930499999999,33.910135,-82.1156580570351,55.336758362947805
-82.32799378832345,35.52877958814138,-79.53338,38.18685,-78.6356,38.44879,-77.96308,38.61116,-76.15870817700858,41.69806519945627
-115.96278550087729,31.625545721656895,-106.94611,41.73444,-105.225695,41.813885,-103.50528,41.89333,-95.21258376181802,52.375747460716156
-86.64234315678196,32.839512235674086,-79.19806,41.93611,-79.16528,41.9325,-73.47966,40.7924,-70.84677732661648,48.635078065839586
-116.63635001404474,25.228336951897646,-108.83017333984375,35.560998305053715,-105.18,36.41944,-101.40066513061524,37.67229019042969,-93.46532692687323,48.39936003906915
-84.8416835658454,33.852940381298154,-81.39,41.49444,-79.12889,41.79,-73.96085,40.65085,-71.77503091169366,46.91959303544989
-125.65122892149438,28.807927114882578,-121.76045088867187,33.110525043945316,-119.42233,33.97871,-119.03667693237304,33.95254317138672,-117.09836672059546,37.36078931578149
-116.53378693369162,16.411666710107216,-103.94643333471298,38.57101833309054,-95.143055,39.812084999999996,-90.05513666150094,40.22050666697503,-71.23165496083963,61.713798682959194
-76.08810056105578,39.36788736924207,-75.59837,40.07505,-75.594345,40.074865,-75.59032,40.07468,-75.22990786179578,40.22608006850207
-130.61020750056218,12.319563922777654,-118.63442999779582,39.405063334310654,-113.69167,40.52306,-101.39388490210533,41.55055337320328,-75.64079195012141,67.28897947321843
-76.09382846933822,39.36215946095963,-75.57895,40.07412,-75.575345,40.073769999999996,-75.57174,40.07342,-75.22417995351334,40.23180797678451
-126.39508859588508,22.44676359222526,-103.22231678337036,36.78490675578117,-110.43583,41.51806,-113.45796335726263,43.14583334578514,-91.97573812530632,56.86611406280404
-107.75774974665609,30.925504495287264,-101.09444,35.75917,-101.1125,35.77778,-104.20467,39.35961,-95.52408008732829,43.15917415461508
-117.82787177632157,35.96693565776045,-113.75722,40.64417,-113.763195,40.656670000000005,-113.76917,40.66917,-109.35152580668624,44.4432816273958
-123.35487455155311,42.7063475248629,-118.76546333396792,47.667776666716335,-119.82222,47.755,-121.11266673032283,47.78850333195686,-114.10129457686486,51.95992749955116
-102.82360055538338,22.713264678991617,-91.06222,36.95,-90.8125,36.9125,-81.08737,35.26536,-76.72299215701896,48.813873077356035
-117.38273589702366,-51.73619603009938,-88.23473060791017,41.76923198120117,-87.89834,41.97234,-44.25542969171524,21.25782758609772,28.19909529777287,93.84563516469716
-122.89388513431177,37.43256521358862,-122.29461377563476,37.7368863659668,-122.37755,37.61291,-122.56711667480468,37.71829353149414,-122.07447576656713,38.25197458133326
-124.00162538457352,11.078115139718474,-108.29167,37.59194,-101.61222,38.8025,-85.75389,40.23472,-69.65867582392258,65.42106470036941
-76.09087461530231,39.36511331499554,-75.58768,40.07436,-75.583865,40.074110000000005,-75.58005,40.07386,-75.22713380754925,40.2288541227486
-123.87466224419094,8.251579439769017,-110.65693991880686,33.50592569820165,-97.69944,35.35667,-89.70629594606876,35.80407001498938,-73.73685661567234,58.38938506828762
-80.35187166529646,37.24101239842425,-77.91014,38.3,-77.138195,38.56986,-76.209235,38.973455,-74.42140561741839,43.17147844630231
-76.3044671780572,38.97454931669378,-75.3424730908203,39.66643127380371,-75.07786,39.65472,-75.30184275024413,39.70084937988281,-74.82844450407171,40.450571990679265
-75.91801929281016,39.48296070291738,-75.23996190551757,40.00205828796386,-75.06033,39.93747,-75.22022466186523,39.936535140380855,-74.88169384195547,40.51928615377207
-76.68101854638563,38.7811816184093,-75.43665646118164,39.91143433898925,-75.08113,39.97588,-75.34410809082031,39.827011273803706,-74.71825055761828,40.74394960717664
-118.64684081419193,35.606682058732865,-114.51083293823243,38.70764076293945,-114.68833,39.01528,-116.22938838867188,38.50927078308105,-113.45694183961666,40.79658103330815
-122.89388513431177,37.43256521358862,-122.29453877563476,37.7368963659668,-122.3774,37.61293,-122.56704167480468,37.71830353149414,-122.07447576656713,38.25197458133326
-84.94520883400345,33.52048940818405,-80.01722,37.24472,-80.00389,37.26889,-78.4975,39.74222,-72.40650625388717,46.05919198830033
-122.89388513431177,37.43256521358862,-122.29456877563476,37.7369113659668,-122.37746,37.61296,-122.56707167480468,37.71831853149414,-122.07447576656713,38.25197458133326
-79.03679317206232,37.60671764641913,-72.38880966308594,45.01039932312012,-68.57306,46.86028,-67.81069610717773,46.86694572509766,-64.21609836846503,52.42741245001642
-101.78022389592637,25.629066417794334,-77.98667,40.65583,-82.50611,40.97778,-86.45,41.11333,-71.56116862116347,55.84812169255723
-113.30130039045042,31.94579090288454,-103.41011936279297,40.049529800415044,-105.89667,39.645,-108.29820758911133,39.03090454101563,-98.32201351335817,46.92507777997679
-104.62359758711453,31.489767586225312,-99.88990517679616,38.08953276620626,-99.62375,38.174445,-96.5381519504285,39.09083158255816,-89.96811536454562,46.14524980879422
-113.11202835586386,38.80960631820842,-111.2902342956543,40.08230165527344,-112.03235,40.41146,-112.13400336914063,40.85890535400391,-109.67174697372599,42.24988770034627
-87.98302557343104,22.701991058649046,-80.88944,27.98444,-80.16167,31.42861,-80.13056,31.47889,-67.50875756865881,43.17625906342127
-105.91759448088719,21.908792924508322,-79.35407113366246,40.76027211684406,-85.95139,40.615,-91.58870353682757,39.96138663885117,-70.68178601227687,57.144601393118634
-87.91114204008012,12.899854969197218,-70.4599979287386,19.27435281539917,-73.92083,24.09722,-76.06259358219386,26.998797005243304,-57.22009880464644,43.5908982046309
-76.55783387526711,11.402243410499498,-70.16122005371093,23.035555000000002,-68.32833,21.07111,-65.06424854187011,19.09849369018555,-57.236443315895,30.723633969871596
-81.00282001473991,34.52072429678352,-77.68065169946014,37.73916830416024,-76.93708000000001,38.260975,-75.64700333472251,39.28819666496277,-73.74636364004525,41.7771806714782
-75.93176587620214,39.3422724386172,-75.41565,39.50283,-75.38615999999999,39.5299,-75.35667,39.55697,-75.13699785670802,40.137040458111315
-75.39447074757857,36.180194322001505,-72.54629450780838,37.985182206314505,-72.82472,38.42944,-73.14990670357705,38.936113390686515,-70.43164772165971,41.14301734792037
-124.03088673033844,33.084128299568796,-121.37472,36.77722,-121.39194499999999,36.800695000000005,-121.40917,36.82417,-117.96368877014984,39.151326259757376
-84.585929973108,25.449383633154213,-80.94610757688909,30.53712905518085,-80.15833,28.29361,-79.76407333057404,27.267686658277512,-76.44457997562247,33.59073363063973
-117.87419862086037,32.629366213734365,-107.71806,43.17583,-107.835,43.079165,-107.95194,42.9825,-97.9125369138076,52.59102792078712
-119.93281121925331,21.659820120773546,-101.03625018193975,30.89148121032551,-107.16555500000001,33.425835,-113.92164971803189,35.989063288149836,-96.20181707664513,45.39081426338173
-96.52273045719376,23.08623255550155,-84.75945034057617,45.32729267211914,-83.96889,45.98667,-66.984445,52.493335,-39.027280223958584,80.58168278873673
-178.1190526246071,9.86828639516829,-127.12407306290837,48.98476919858381,-122.128055,40.623335,-120.07810184219122,35.94036707838058,-102.58062388906478,85.40671513071061
-112.67998050986169,27.132284886256468,-104.51163982299805,40.81594001647949,-101.09833,41.56444,-95.20527767089844,41.94217788574218,-84.55719447793128,55.25507091818689
-91.38482397835018,19.85378247459171,-75.4832388962558,26.461206301288755,-78.805,31.378335,-83.09100968357563,37.21463793714285,-67.0717876549506,44.1668187979913
-84.87240188055249,33.814327550599856,-79.05258882176801,41.67708104567319,-76.403795,41.036339999999996,-73.7796416670537,40.38694833369493,-71.56014664239673,47.12658278875561
-84.13848776445987,35.06576829327939,-80.02004679122925,40.796524994469884,-75.388735,40.847795000000005,-74.98608166211605,40.867203334236144,-72.42593484296201,46.77832121477725
-111.70854716935283,35.80922359785909,-105.62816513061523,45.621046637573244,-102.6975,45.13083,-99.71208465576171,44.38480434326172,-93.57695240340108,53.940818363810834
-177.5773919751898,-68.0730839302794,-62.277363313465116,44.52722,-122.88806,49.05444,-132.6150047314453,42.02722,33.568775885368964,143.07308393027938
-82.08531108491971,29.770854801005584,-77.37694,33.54972,-77.422635,33.969305000000006,-77.46833,34.38889,-72.74294361478732,39.11322227113797
-123.64258853087699,36.74265965332711,-122.81917100219727,38.259610559082034,-122.67935,37.64445,-121.92436127929687,37.70590534362793,-120.48577603211129,39.89947215209281
-122.84704135737478,37.24816013493479,-122.39013118530274,37.764281439208986,-122.28027,37.85755,-122.33668727661133,37.741921591186525,-122.04605556645335,38.04914592585622
-129.074955369336,30.525851820605396,-119.45684977379919,35.0538856345129,-118.80694,39.27167,-117.23361314663886,44.152500578694344,-106.65542182792962,52.94538536201179
-109.27363456717242,20.84881912240278,-68.96317810058594,45.629234351806645,-70.4425,45.78611,-85.67538970947265,46.083261527709965,-59.11850105294477,71.00395263663043
-128.7101946915617,36.15999688253499,-122.02472,38.42083,-122.07,40.29583,-122.11528,42.17083,-115.15107239828207,49.71911917581462
-122.89388513431177,37.43256521358862,-122.29611877563477,37.7355913659668,-122.38056,37.61032,-122.56862167480469,37.71699853149414,-122.07447576656713,38.25197458133326
-122.46190086702408,37.03045829435287,-121.47271524169922,38.35157846069336,-121.39381,38.2595,-120.24552331665039,39.075852142333986,-118.18695624967513,41.30540291170182
-122.89388513431177,37.43256521358862,-122.29459877563477,37.7364863659668,-122.37752,37.61211,-122.56710167480469,37.71789353149414,-122.07447576656713,38.25197458133326
-122.89388513431177,37.43256521358862,-122.29463877563477,37.736906365966796,-122.3776,37.61295,-122.56714167480469,37.71831353149414,-122.07447576656713,38.25197458133326
-74.78433430288939,36.716928361905524,-70.25833,41.8075,-70.187635,41.8425,-70.11694,41.8775,-65.19833934213014,46.30292332266479
-74.93390129696054,36.82569457401114,-70.33361,42.09083,-70.315695,42.100695,-70.29778,42.11056,-65.04877234805899,46.71082352291269
-120.14232880488902,42.46868270023794,-115.49389,47.21167,-115.47278,47.231804999999994,-115.45167,47.25194,-111.2390951453063,51.37191635982065
-106.86854706654,9.414788619189984,-90.54004834118665,29.108428328344225,-83.715,33.154585,-76.95028246325016,36.804494402585036,-55.648123160510785,60.635212525219195
-94.74644314554565,29.862519867149658,-84.80153534057618,45.29298767211914,-84.05306,45.91806,-72.02653000000001,52.45903,-50.80356753560669,73.80539547708862
-117.38273589702366,-51.73619603009938,-88.23278060791016,41.76769698120117,-87.89444,41.96927,-44.25347969171524,21.256292586097718,28.19909529777287,93.84563516469716
-100.46444580730378,17.642207406197194,-80.5262910636437,36.9689788151288,-88.80556,31.28472,-92.3999100117445,27.95073998823404,-68.33174254718841,49.77491066631257
-103.6881571046654,13.834772086923966,-92.95782335471391,27.472543318619728,-90.503055,29.12014,-78.77597102200984,36.72824041996956,-66.6288594968971,50.89406969469225
-115.32095208389428,42.84779867904517,-109.92111,46.10583,-109.92847,46.10722,-109.93583,46.10861,-108.25783667342994,49.91091408950952
-76.93277546387887,40.392698321521515,-76.26403541625976,41.201140861816405,-75.86278,41.37889,-75.77612037719726,41.32584713012695,-75.4219761230352,41.903497662365204
-133.54436996127282,28.248282168854125,-118.19389,33.81833,-118.2175,33.82833,-122.35583,37.3011,-108.50039932583655,53.292252804290406
-101.07321775452542,17.1270834158237,-81.62889000000001,36.26153,-90.552775,29.651665,-92.462085,27.859724999999997,-69.72843324645115,48.471867923897975
-95.875090298115,22.454928699077392,-86.44944,32.80333,-87.584025,32.01208,-88.71861,31.22083,-73.10702640110375,45.22299259608862
-119.68959802532724,31.17611890887686,-116.27972,32.93194,-116.95858,33.12925,-117.72551,33.49659,-113.27408605670401,37.591630877500094
-122.94848014188793,37.14672135042165,-122.36222118530273,37.78497643920899,-122.22445,37.89894,-122.30877727661132,37.76261659118653,-121.9446167819402,38.150584710369365
-122.99915793651338,37.09604355579618,-122.37112618530273,37.813121439208984,-122.24226,37.95523,-122.31768227661132,37.790761591186524,-121.89393898731474,38.20126250499484
-133.69174414733692,24.276757897340822,-111.255,33.04972,-111.39722,33.71222,-115.04694,39.32278,-101.8501564874287,56.11834555724902
-141.40167378599767,26.91427088563318,-127.27253482910156,52.08756477294922,-122.96667,49.11472,-117.63528202148437,43.401953048095706,-102.4806199151742,65.83532475645666
-98.54830455453256,18.225790980745764,-77.5875,38.58194,-85.43361,33.70444,-87.98806,31.86222,-63.09853077261588,53.67556476266244
-130.78531339631616,30.803281040329352,-121.17833,36.42944,-121.19472,36.45222,-122.2425,37.81083,-115.1656753732151,46.42291906343041
-213.65295533766567,-69.11113671889126,-60.268785,45.42823,-118.53757,33.85646,-144.92720174804688,46.31163187072754,40.336121841571924,184.87794046034634
-161.727779399802,-108.13454855625798,-58.05571616886139,-0.20025923706054627,-118.39921,33.94948,-107.60719777343749,40.47926613830566,67.20037151520421,120.79360235874822
-161.7277272573877,-108.13449641384369,-58.05567616886139,-0.20020423706054657,-118.39913,33.94959,-107.6071577734375,40.479321138305664,67.20031937278992,120.79355021633393
-157.14434632390538,-60.626010981498155,-124.16820122070312,36.6125391217041,-122.3964,37.62841,-61.9482,33.814205,29.70434388249913,126.22267922490636
-122.95051924509121,44.31538041311192,-118.7452472302246,47.42941951782227,-119.86361,47.29389,-120.8742755505371,47.37445735961914,-116.56130631643222,50.704593341770895
-118.12192873068255,12.40063806466657,-102.67653,41.436665000000005,-92.281665,36.456945000000005,-89.20861,34.687219999999996,-71.38615079812604,59.13641599722308
-82.39693197993128,38.83088174077185,-77.44393230468751,42.54582988830566,-78.75139,42.93417,-79.92333293945313,43.00027858825683,-74.83481850834997,46.39299521235315
-122.75179947522956,42.95059501024407,-118.75295646154285,47.66842524609208,-119.67083,47.74472,-120.19092337324619,47.78417000298023,-114.21303664537591,51.489357840097725
-129.17771603646258,34.38699839530011,-118.46083,39.23056,-118.47417,39.25278,-120.26361,42.6475,-112.06856081900617,51.49615361275653
-98.4716517780671,28.361415162240515,-88.63681,44.413615,-82.405835,42.87347,-75.17781,40.88937,-69.76132704273368,57.071739897573934
-75.36848356884926,39.64482209521325,-74.8832,40.82277,-74.81996000000001,40.835525000000004,-74.75672,40.84828,-73.86197755175621,41.15132811230628
-76.86339003979806,38.55234901965018,-73.91168,40.40786,-73.894795,40.3751,-73.87791,40.34234,-73.2808131462371,42.13492591321115
-158.56769681470826,-73.41439158218338,-105.0321333028245,46.181663328531975,-90.22222,42.68222,-89.55553306298256,42.55216661670685,36.23395550744965,121.38726073997452
-128.6323619917036,26.212038414180213,-119.70889,47.58194,-118.60583,47.59917,-103.14528,47.26194,-87.22266425341361,67.62173615247018
-103.18680750560513,25.62049306202182,-89.88467672116636,45.79745167444288,-84.26111499999999,44.79667,-77.9353285123682,43.57166503284932,-65.22170079517612,63.585599772450834
-121.81993438014622,36.91471337070827,-113.1874853527832,42.031930122070314,-114.39306,43.21361,-116.66588653686523,44.456015739135744,-109.10068939915065,49.63395835170384
-129.20333990948205,34.08109536273474,-121.98656985090778,40.48606608151734,-122.20985999999999,42.529305,-122.31810665648938,46.386684633495804,-113.71864190204138,49.56579337017541
-127.9271352734038,40.09392757754834,-122.92148736694335,47.27100568725586,-122.44131,47.63229,-122.84574655273437,45.05642324401855,-118.72471256595166,49.296350285000486
-123.72437482200002,36.488929697653305,-122.6725,37.76393,-122.44889,37.799980000000005,-122.22528,37.83603,-120.19404406227733,40.01926045737599
-130.31765172936423,35.950956363897504,-122.92311236694336,47.26852068725586,-122.44456,47.62732,-122.7896399243164,43.35921511474609,-116.21873285315532,50.0498752401064
-123.98719517624404,36.22610934340928,-122.55485,37.60631,-122.03923,37.290255,-121.52361,36.9742,-119.9312237080333,40.28208081162002
-122.8410293670593,37.25417212525026,-122.39236618530273,37.763491439208984,-122.28474,37.85597,-122.33892227661133,37.74113159118652,-122.05206755676882,38.04313393554076
-76.09108977194494,39.36489815835292,-75.58726,40.07462,-75.58408,40.074435,-75.5809,40.07425,-75.22691865090663,40.22906927939122
-127.20385491672214,37.06959974941555,-122.93111,40.84333,-123.00611,39.84333,-123.08111,38.84333,-118.27907812771146,45.994376538426245
-99.3611426405622,20.093666548280574,-81.19833,26.99472,-87.2725,32.785,-91.15972,35.81028,-75.36434411480889,44.09046507403388
-123.12931607135927,35.879577895315535,-116.45889,45.64833,-118.82472,46.21556,-119.72944,46.41611,-105.1304419242462,53.878452042428606
-77.53985024254833,38.6529235764214,-76.84978850830078,39.357039758300786,-76.66526,39.4532,-76.78443130004882,39.31997425231934,-76.3980693741509,39.794704444818834
-123.72437482200002,36.488929697653305,-122.56444,37.8321,-122.40529000000001,37.81985,-122.24614,37.8076,-120.19404406227733,40.01926045737599
-123.21667074355268,37.23997331467486,-122.77837167480469,37.96496353149414,-122.80006,38.10625,-122.70716272094727,37.91245613098145,-122.15427804795122,38.30236601027631
-123.90547222707158,32.6095996418249,-111.80111,43.77389,-116.36278,45.36528,-118.8125,46.11194,-101.59550433542842,54.91956753346807
-120.97227676427205,32.43750755274455,-118.86511,34.22248,-118.53162,34.126725,-118.19813,34.03097,-115.98911087000529,37.42067344701131
-126.21960530317435,31.595975064867652,-121.02278,38.12083,-119.907715,36.050754999999995,-118.79265,33.98068,-112.86233439409128,44.95324597395071
-126.29364797240132,31.243680747691457,-121.02028,38.09917,-118.74886,34.04451,-118.17523,34.03517,-112.41665628785259,45.120672432240184
-129.97177866799538,31.319404803684314,-121.0360164015323,36.966572286590335,-121.98556,42.61972,-122.39771004303933,45.572793652253154,-111.11800404684837,50.17317942483131
-127.19164882380093,29.474475520071145,-119.51611,36.75667,-119.1825,35.97861,-117.93444,33.63056,-111.21334232610141,45.45278201777065
-128.9913907267973,32.45045802808551,-121.13397972510248,36.306758930728435,-122.23056,40.08278,-122.38752667031288,45.412013726367945,-111.424701192148,50.017147562734806
-129.6205722805381,28.7750518802285,-119.96056,39.92167,-118.7175,35.845,-117.22283,32.82461,-109.4471767428994,48.9484474178672
-125.55735091822072,39.061629489494116,-122.4875,42.52389,-122.49000000000001,42.538475000000005,-122.4925,42.55306,-119.43217392308787,45.18680648462698
-123.74362633693733,34.53046729099236,-119.95139,41.05528,-119.47611,40.260975,-119.00083,39.46667,-113.51111914646111,44.762974481468575
-123.74362633693733,34.53046729099236,-118.53722,39.60833,-118.53222,39.597775,-118.52722,39.58722,-113.51111914646111,44.762974481468575
-124.3941912864718,34.656643369289924,-120.44361362548828,42.25597015258789,-119.95667,41.33194,-118.43000278564453,39.20985809204102,-113.43970153579383,45.61113311996789
-124.77358500439351,37.33121235888773,-121.66320190185547,40.501879325561525,-121.59888,38.85061,-121.81262740844727,38.576578727416994,-118.98031361621196,43.1244837470693
-121.52614626986858,40.45955052273397,-118.76972,45.9575,-118.798055,45.968335,-118.82639,45.97917,-112.25389828579549,49.731798506807046
-78.18541492540888,39.480907782721,-77.45618743896485,40.06646758972168,-77.4625,40.17722,-77.70919342041016,40.074194259033206,-77.22034679334112,40.44597591478877
-122.9844487965729,16.094931238827485,-99.575,37.34528,-105.27736,35.48486,-110.97972,33.62444,-83.55163061016538,55.527749425235015
-113.40097456841427,30.404481593084753,-106.61972,37.60917,-105.80833,36.968194999999994,-104.99694,36.32722,-99.56571549506229,44.23974066643673
-123.85469467460031,36.14437453926688,-122.80475,37.05459,-122.79279,37.0594,-122.10058,37.14325,-121.74718063057547,38.251888583291716
-123.33085107657759,36.56655073311479,-122.70354995727538,37.54379923400879,-122.54375,37.82995,-122.41252670288085,37.61122591552734,-121.81380224373491,38.08359956595748
-123.64634358535287,36.32327616562369,-122.82669,37.04129,-122.78619,37.0566,-122.47627,37.16561,-121.89412272324088,38.075497027735686
-123.3637384677169,36.53366334197549,-122.6679949572754,37.550414234008784,-122.47264,37.84318,-122.37697170288087,37.61784091552734,-121.7809148525956,38.116486957096775
-125.9169519717427,44.5767652218608,-123.22139,46.43361,-122.99389500000001,46.59692,-122.7664,46.76023,-121.30083672454636,49.192880469057165
-128.18070477264777,33.9093926547204,-125.95806,37.49861,-125.84472,37.49111,-122.47054,37.87059,-121.10059863311396,40.98949879425421
-128.4405255606107,35.665467710263314,-121.84872,38.62206,-122.10765,42.862385,-122.36658,47.10271,-114.62443873382288,49.48155453705114
-127.20385491672214,37.06959974941555,-123.01417,39.82972,-123.046945,39.33625,-123.07972,38.84278,-118.27907812771146,45.994376538426245
-128.89640323589035,31.33303554584794,-117.8309665775834,35.30176114080742,-118.19221999999999,36.215,-119.84837987577916,40.13032137846709,-110.11957271625809,50.10986606548018
-100.37817091305357,27.289106423067043,-98.12398041144996,28.904352477391363,-98.21611,29.11,-97.5266465857339,31.720323582320212,-94.13041978518862,33.53685755093198
-79.78192748495603,37.533952336821315,-77.67907196411133,40.090189882812496,-77.36543,39.26412,-77.42450577148438,38.751662203369136,-75.69436798623538,41.621511835541966
-79.3968506850969,38.25919332125076,-77.82511696411133,40.3627748828125,-77.65752,39.80929,-77.62352165771485,39.31144050170899,-76.18538655855545,41.470657447792206
-78.43027048136712,37.22555417988776,-76.39463844238281,39.80782824401855,-77.11847,39.6976,-77.30102577148438,38.96840220336914,-74.72411794636726,40.93170671488763
-86.0785028310402,33.86722356361312,-82.41393709475427,39.7896294061777,-81.043335,39.667085,-78.37726523571253,39.13376504888773,-75.63874417823715,44.30698221641617
-80.64031871083834,37.01368824716947,-77.77037,38.972,-77.64797,38.876585000000006,-77.52557,38.78117,-76.61176411386869,41.042242844139125
-81.91452027479608,36.448049534163886,-80.87472,39.81333,-77.96871,39.07614,-77.63583,38.9457,-76.29438017686408,42.06818963209588
-82.75963426411612,36.34052061259287,-80.55565046585099,40.359812731420256,-79.300095,39.72319,-77.71171336979866,38.97902501564264,-75.8335587900831,43.26659608662588
-100.12459892589197,19.866144711192987,-79.64888552480727,38.42018273872048,-86.97972,34.670835,-89.33161999481202,33.36546166940451,-68.55154853504553,51.439195102039434
-77.20971370076836,38.74009251261054,-73.93756225463866,41.7914700604248,-74.07194,40.83566,-74.79886749145507,40.32950640686035,-72.11926579141914,43.830540421959775
-77.42566239383845,38.123779897421315,-76.16706844238281,39.749833244018554,-76.66333,39.58161,-76.71565624145508,39.16182436340332,-75.01312697383733,40.536315317422435
-78.97062450375913,38.21504825625064,-75.28524000439168,40.93075500119389,-75.036885,40.86031,-74.97919833606244,40.867406666002275,-73.40193408999087,43.78373867001889
-77.28227894441524,39.11944682462773,-74.77645208984376,41.55635347290039,-74.23662,41.04965,-74.91257193237306,40.44261827392578,-73.62252910001835,42.779196669024614
-86.25739202627828,34.694424532559616,-83.409515,42.950315,-79.28222,41.92917,-75.230355,40.915229999999994,-72.55329980721781,48.39851675162007
-75.50036008825451,39.51294557580798,-74.68394,40.73048,-74.536745,40.83689,-74.38955,40.9433,-73.73010103235096,41.28320463171155
-88.66382793191228,31.973445856539865,-83.42004,41.9348,-83.48157,42.01234,-83.47983,42.01872,-63.20586200949397,57.43141177895818
-85.14691675219373,35.902702922488885,-79.67861,43.79306,-82.39835,42.52832,-83.14051,42.29545,-73.26280462231799,47.78681505236463
-82.9571846695019,36.33302605437505,-79.99927890869141,38.06970706970215,-80.89167,38.23889,-81.37696445556641,38.97482028991699,-78.01196205901373,41.278248664863234
-82.47886730111082,36.084634056921395,-79.1274739086914,37.79748206970215,-79.14806,37.69444,-80.45898635986327,38.02205901977539,-78.39793323599855,40.16556812203368
-119.58622541479814,32.863229846432326,-118.63354712524415,33.864736633911136,-118.3858,33.37278,-117.89992743530274,33.809824066772464,-116.70912370629561,35.74033155493486
-92.05808262279373,33.108829456063695,-86.34972,41.93,-87.3125,42.03375,-88.27528,42.1375,-75.13390346119064,50.03300861766677
-111.82894808580166,29.129364902479594,-104.76657177192479,40.57856606203407,-104.00125,40.67639,-101.36856851424454,40.981854979822636,-88.58612149427647,52.37219149400478
-84.8197304794206,34.05911282807452,-81.7775,40.30167,-81.011945,40.565555,-80.24639,40.82944,-69.0649130752669,49.813930232228216
-81.50447412576914,27.8926110640502,-73.4063,41.67534,-73.40462,41.6853,-68.90861,46.09444,-41.80968908223868,67.58739610758066
-86.97308858854993,21.197489414379767,-77.62972,28.06,-77.10417,32.41583,-75.23556,37.91194,-64.92808023469226,43.24249776823742
-88.70077907899534,19.782075764144302,-78.1125,30.50722,-76.699445,34.22222,-75.28639,37.93722,-65.16936862608279,43.31348621705687
-76.50608128487002,39.067189512859464,-75.38128,40.34232,-75.159445,40.157315,-74.93761,39.97231,-74.6226342302667,40.9506365674628
-77.14040196398508,37.53525530835378,-75.24994885253906,38.850242424316406,-75.036,39.64389,-75.39229809570313,39.86305789978027,-74.07209193249929,40.60356533983958
-82.71502130769409,35.07092839933717,-77.79731434763461,38.191385528723,-77.41278,38.38056,-76.86694330657721,38.64630001293659,-74.90737706877076,42.878572638260486
-76.14993267742021,39.12908381733077,-75.41256309082031,39.608871273803715,-75.21804,39.5396,-75.37193275024414,39.643289379882816,-74.9829790047087,40.29603749004227
-78.28881431524543,39.05158447320672,-76.38935105350257,42.673798721262216,-75.4162,40.4226,-75.34786999802827,40.308119997024534,-73.29586433465691,44.04453445379524
-77.51862002371091,39.28622197152835,-76.02453833354295,41.93309833376944,-75.441085,40.471495000000004,-75.35157666825295,40.31152500260829,-73.99797390939456,42.8068680858447
-76.54481490171125,39.02845589601824,-75.37006,40.29477,-75.140485,40.143955,-74.91091,39.99314,-74.58390061342547,40.98937018430403
-76.56200919613121,38.9960161639762,-75.36232309082031,39.68760627380371,-75.11756,39.69707,-75.43307809570312,39.88964789978027,-74.79367317691566,40.76435218319177
-76.42259635157797,39.02841339878824,-75.72842,39.48408,-75.41969499999999,39.592524999999995,-75.11097,39.70097,-74.83126412205485,40.61974562831137
-75.78669703454709,39.61428296118044,-75.28182190551757,40.017513287963865,-75.14405,39.96838,-75.26208466186523,39.95199014038086,-75.01301610021854,40.38796389550901
-76.10107001943413,39.35491791086372,-75.63831,40.08985,-75.634495,40.090090000000004,-75.63068,40.09033,-75.21693840341743,40.23904952688042
-75.9350289020068,39.46595109372073,-75.26021690551758,39.936568287963865,-75.10084,39.80649,-75.24047966186524,39.87104514038086,-74.86468423275882,40.53629576296872
-76.59931536346316,38.86288480133175,-75.52591146118164,40.00858433898926,-75.25964,40.17018,-75.43336309082031,39.92416127380371,-74.79995374054074,40.662246424254185
-79.40561639226915,38.384325395450574,-73.94185115018607,44.640921955467164,-75.68417,41.27849,-75.34459999789237,40.29745666315794,-70.35033453546522,47.439607252254504
-83.44567419253089,29.164755571263058,-77.05333,36.64778,-74.99861,38.125,-72.18833,40.10083,-62.337666261570675,50.27276350222327
-80.51438266404503,31.74006336561805,-72.18028,40.19694,-72.15278,40.22083,-70.39028,41.74806,-62.685942348161994,49.56850368150109
-89.60988699133117,30.135930193117083,-83.31360072998046,36.25322860778809,-79.95583,33.09278,-77.71111125854492,35.51648658813477,-72.52787698571962,47.21794019872862
-126.24647081284795,30.96777212233272,-120.75220319569989,38.616839426303656,-117.62319500000001,40.205835,-113.91587677464008,42.40582992317677,-103.92979871840205,53.28444421677861
-73.65301636994027,39.276251513360506,-71.18024166137695,42.42703479736328,-70.51639,42.89861,-68.83648021728516,43.900511207275386,-65.34764738738394,47.58162049591684
-106.98838550934755,36.05144946684874,-96.09875,46.53278,-98.1975,45.06556,-100.59025085449218,43.081114121704104,-89.99461619963682,53.045218776559466
-73.92306427241002,41.37415786504115,-72.94106792480468,41.74219703613281,-72.77389,41.84972,-73.02218364746093,42.21538352905273,-72.45565887212123,42.841563265329945
-187.11766945232816,-13.990369189876986,-77.79161013183594,34.394201072998044,-80.4187,25.76189,-118.59998262939453,48.52209642822265,-44.82811607013278,128.2991841923184
-98.15862239445471,29.618447651016478,-97.54123245239258,30.698972663574217,-97.6575,30.18861,-97.26392684936523,30.11904808013916,-96.13669620906091,31.64037383641028
-98.1575781544624,29.619491891008792,-97.54137245239258,30.699667663574218,-97.65778,30.19,-97.26406684936524,30.11974308013916,-96.13774044905323,31.639329596417966
-85.75318455064667,23.20892406141388,-74.48148113572091,38.09231215043247,-75.46861,35.94333,-76.50842345609665,33.476019708290096,-65.0780074659549,43.88410114610565
-86.4534558198947,13.795453176687326,-71.51703677040636,23.524816750306485,-76.70417,28.09667,-76.96425979023456,33.5091639888525,-56.297223196218575,43.95168580036346
-84.87854518859325,23.52660045654835,-74.81167,37.60694,-77.03139,32.28917,-77.15,31.98361,-64.77626285584034,43.62888278930126
-91.14678370364015,10.748037463352027,-78.24722,36.07361,-77.30111,32.4225,-72.42806,23.51389,-53.25832188718015,48.636499279812035
-129.02174601207324,35.51564946522168,-122.42472,37.8198,-123.19556,38.75917,-123.49111,39.17833,-119.66163411487989,44.87576136241504
-216.8380014478696,-72.44641895885593,-62.12086,46.8176,-122.24172,37.6352,-148.0553311303711,47.27471135864258,40.969059187127414,185.36064167614109
-130.78531339631616,30.803281040329352,-121.12306,36.02972,-121.3325,36.3375,-122.23389,37.63167,-115.1656753732151,46.42291906343041
-178.13912917865503,-128.0557958651899,-59.94139,39.968365,-118.38278,33.93673,-60.02472331346512,42.468365,174.9724625517248,225.0557958651899
-216.8380014478696,-72.44641895885593,-60.280775,44.91928,-118.56155,33.83856,-146.2152461303711,45.37639135864258,40.969059187127414,185.36064167614109
-129.6028931560465,2.368113237386126,-103.15970682739257,33.46044611022949,-118.38273,33.93646,-111.3984725439453,36.27157091186523,-62.74800558662929,69.22300080680333
-130.78531339631616,30.803281040329352,-121.15528,36.47083,-121.1725,36.49361,-122.07583,37.71611,-115.1656753732151,46.42291906343041
-213.65295533766567,-69.11113671889126,-60.267155,45.42854,-118.53431,33.85708,-144.92557174804688,46.31194187072754,40.336121841571924,184.87794046034634
-77.07092219947452,40.43261974693661,-73.84028,42.54,-74.29764,43.672219999999996,-74.755,44.80444,-70.41315525413876,47.090386692272375
-75.4203245748038,39.37004445900968,-74.13429112507582,41.35717876164615,-73.91794,40.4698,-73.89203333105087,40.45742999896527,-72.5969865213876,42.19338251242587
-125.82575447496431,32.47827880445463,-121.82333,37.40389,-122.17860999999999,37.86986,-122.53389,38.33583,-117.21956412855131,41.08446915086763
-80.48538736181155,40.80876585168943,-74.06278,44.45472,-74.06736000000001,44.46861,-74.07194,44.4825,-69.10862966699705,52.18552354650393
-133.16430147064855,30.4394315920956,-120.11077423217773,34.9937964642334,-120.45056,35.47806,-122.53880233886719,41.88898002746582,-111.2337316714413,52.370001391302836
-75.42520752874158,40.162599172918576,-74.26847339233399,41.66652964660645,-74.01193,41.57094,-74.20719028076172,41.02848338195801,-73.50225981744983,42.08554688421033
-109.27363456717242,20.84881912240278,-67.59428810058594,45.91937435180664,-67.70472,46.36639,-84.30649970947266,46.37340152770996,-59.11850105294477,71.00395263663043
-72.09617614153838,42.22373009320284,-71.55169910766602,42.79052710998535,-71.45654,42.69276,-71.59967655517579,42.52730346191406,-71.29349518414521,43.02641105059599
